{"x": [0.04342657348086646, 1.4359211890841492, -0.5734331865113867, -0.03689527304447143, 0.6579660532828503, 1.0660652780397808, 1.1863516621401513, -0.6153454216343125, 0.17455228111515195, -0.6441914029105577, -0.46964472807631924, 0.5157366046831527, -0.6124311430921529, -0.5376778982592494, -1.2000052199504867, 0.2308737924400113, 0.06224164027495736, 0.2820121262578929, 0.3541472765930262, 0.7722705396205369, 0.5608561061672022, -1.0582606438154345, -1.2054700508651308, 0.3560889495655772, 0.38609916178517456, -0.5973678173599506, -0.5337620393396485, 0.5971143512428209, -1.2091247082338537, -0.5262884847747227, 0.4454778456319391, 1.164551533804639, 0.7001505390464345, -0.6875665664580264, -0.5582520606622748, 0.12173903827580594, 0.07433378460347585, -0.685012654759018, 0.3930168733635783, -0.6043096969921575, -0.8113325648790257, -0.8698319974897681, 0.49514262863609687, -0.09701908212532702, -0.9709782283812499, -0.4374936240806291, 0.5044312329995755, 0.4263524690323738, -0.39047229256078886, 1.2047181118748083, 1.7344620783823201, -0.2631423697899923, -0.5967279301545414, -0.41704712754481715, 0.060407187859437016, -0.48647855275734697, 0.4545979301763308, 0.14399766516206686, 0.40845666119228374, 0.6716343350889813, 1.7377871629955348, -0.9396545837643663, -0.9743725730877505, -0.5637371094679178, 0.0319718442851172, -0.06992085857760694, -0.22552503943023314, 0.5146531848131289, 0.16468089343659453, 0.33448634439669206], "y": [-0.1744324138196456, 0.012723825615370337, 0.15699995924077398, 0.06022875692064154, -0.1957778338118913, -0.260706459775915, -0.15058226201686728, 0.37910228259131235, -0.11761325707283118, 0.0007507952798976146, -0.16824770586956067, 0.04755019365268661, -0.07595098917278593, -0.06281298328123536, -0.20718793577571756, 0.09217681302039785, -0.24311676707360622, 0.31035792675897994, 0.2813727513050731, -0.09965015921928887, -0.12907891817105832, -0.2588421716983465, -0.056851975783188874, -0.22826169979859398, -0.22095794994652299, 0.4034418956347143, 0.2681429723622487, 0.264519895135645, -0.04612769549084483, 0.17233650953675983, -0.33815767512989175, -0.17199678522642792, 0.2809092471872983, -0.03998897728233004, -0.027611246722374506, -0.014646564713915362, -0.1448329058565815, -0.05972650935990321, 0.5606181789002808, -0.14470756576943958, -0.1189544866572701, -0.1348454934668369, -0.18955374730511287, -0.26875346722247734, -0.23179140810758603, -0.015738799432089008, 0.10152889241826375, 0.005620984418441228, -0.05846865982767105, -0.06387997705292123, -0.01297480159614152, 0.11758680654803927, 0.4238944426157488, 0.4923502467727097, 0.35556300774314475, 0.16450979581358985, -0.08922133155708835, -0.06118993673705037, 0.057778534300304565, 0.20230537012166194, -0.019297332475313293, -0.30071862236698144, -0.26838750419399215, 0.050387885645993724, 0.07800352728889726, -0.021099004499039627, 0.32262677575402826, 0.02769286932492577, -0.15736693373018157, -0.040972227841307406], "color": [4, 3, 2, 4, 4, 3, 3, 2, 4, 2, 2, 4, 2, 2, 1, 4, 4, 4, 4, 3, 4, 1, 1, 4, 4, 2, 2, 4, 1, 2, 4, 3, 4, 2, 2, 4, 4, 2, 4, 2, 2, 2, 4, 4, 1, 2, 4, 4, 2, 3, 3, 2, 2, 2, 4, 2, 4, 4, 4, 4, 3, 1, 1, 2, 4, 4, 2, 4, 4, 4], "labels": [3, 4, 10, 12, 13, 14, 17, 19, 22, 24, 29, 34, 36, 38, 40, 41, 42, 44, 45, 50, 52, 55, 59, 63, 64, 69, 71, 79, 84, 85, 86, 87, 90, 94, 96, 99, 100, 101, 108, 109, 112, 116, 120, 131, 134, 135, 137, 138, 142, 145, 147, 150, 155, 156, 162, 164, 165, 183, 184, 188, 190, 193, 194, 196, 197, 199, 200, 201, 206, 207]}