{"x": [-0.15602603135236642, -0.10171263217873751, 0.05388191331909864, 0.24005583248393225, -0.09611102614498909, -0.4574397415290273, 0.003901031930138879, 0.08767035818999082, -0.06615292126685228, -0.19471474189606067, -0.03144447825958019, 0.1932496348725358, -0.11572196234329557, -0.1663421893682164, -0.3004872878799229, 0.2496037113065963, -0.07471403382016566, 0.35002646590709, 0.22966639244462492, -0.41951605546745985, -0.016475443108687513, -0.27674493052016863, -0.357162877672334, -0.08093482781315224, 0.03659283052596298, 0.18800880154123994, 0.07788620653255217, 0.36645952541954385, -0.29216871432214575, 0.05360660005525427, -0.009824372915922266, 0.1352191403628319, 0.2452831067324015, -0.1396176206007454, -0.1997392830801399, 0.0823228959186092, -0.14084294717002332, -0.1334724681220812, 0.5688717264250168, 0.019922038338851925, -0.15517497615494336, -0.1007767645319987, 0.01477331234205344, 0.14087379981687803, -0.3355994857994778, 0.13412995491354165, 0.2587420494882582, 0.07949094678494263, -0.1481341277273582, -0.01576668278628006, -0.08855503123837667, -0.1312656173963055, 0.251012422782596, 0.2577452955931186, 0.38515528159761075, -0.093925660937755, 0.19602808026861324, 0.14656858666966022, 0.04762694181291313, 0.28526818422206573, -0.01488807843468745, -0.3396215017627043, -0.49293920479134185, -0.20514143595460163, 0.14409484878879053, 0.08011074392541323, 0.03791017049113759, 0.11167204983762055, 0.04976972174776819, 0.14595455095865653], "y": [0.10693554369407131, -0.15466710477568196, -0.12530227929924279, 0.13165774602049096, 0.153090561126187, -0.017548678098703856, 0.19014554024229288, -0.4356942971966989, 0.09085481864968839, -0.14155754512120455, 0.20052232274307463, 0.07910176710424512, 0.03205527664995321, -0.03299664767672463, 0.052845036720189593, 0.10603675662496252, 0.24475375746148867, -0.07010013817634583, -0.15436458690123148, -0.21638023510178347, 0.1292348419395384, 0.13094638113567286, -0.26210056783337865, 0.20552510996201104, 0.31183207906582777, -0.36896901744640626, -0.29722179619657285, -0.024769258295323296, -0.2115884284341479, -0.1742892900223406, 0.43189912350089305, 0.3082761137831518, -0.1292033064317202, -0.03369310946557114, -0.12419776682785029, 0.07485674062899018, 0.056072987865934454, -1.3871673544518565e-05, -0.22328521622568864, 0.2268157781109538, 0.02662876959732874, 0.09763297701804405, 0.2502478888626037, 0.4852634487060294, 0.03991955656214076, 0.15205269168081967, 0.08170223570773981, 0.036657966481342515, -0.055971461438489606, 0.009690165874959829, -0.13114293999066456, -0.2618046903338967, -0.35061263385714236, -0.4351124787208875, -0.1069624535458684, -0.3112253645716008, 0.2641706345579857, 0.20464874752659262, -0.07278469179257525, -0.005062957115516784, -0.056681995584127266, 0.12973671546086787, -0.023906879053730835, -0.1944907397038996, 0.018335311934377756, 0.07974660714637781, -0.3947893202534905, 0.0383625753892189, 0.24161857562408462, 0.1786185960019195], "color": [7, 7, 4, 2, 4, 6, 4, 1, 4, 7, 4, 4, 7, 4, 6, 2, 3, 2, 2, 6, 4, 6, 5, 3, 3, 1, 1, 2, 5, 7, 3, 3, 2, 7, 7, 4, 4, 7, 2, 4, 7, 7, 3, 3, 6, 4, 4, 4, 7, 4, 7, 7, 1, 1, 2, 7, 3, 4, 4, 2, 7, 6, 6, 7, 4, 4, 1, 4, 3, 3], "labels": [3, 4, 10, 12, 13, 14, 17, 19, 22, 24, 29, 34, 36, 38, 40, 41, 42, 44, 45, 50, 52, 55, 59, 63, 64, 69, 71, 79, 84, 85, 86, 87, 90, 94, 96, 99, 100, 101, 108, 109, 112, 116, 120, 131, 134, 135, 137, 138, 142, 145, 147, 150, 155, 156, 162, 164, 165, 183, 184, 188, 190, 193, 194, 196, 197, 199, 200, 201, 206, 207]}