{"x": [0.055203524176151084, 1.4681313379929672, -0.5654876282446786, -0.03786902605464073, 0.6841051018389984, 1.1030040372734393, 1.2019067181158347, -0.589548496882833, 0.18569218906087887, -0.6147992736487216, -0.45609995008329746, 0.5184839907330114, -0.5915693511572953, -0.5165325378573058, -1.1729712743345981, 0.2257219350883706, 0.07448552700127345, 0.27731331604775405, 0.36097693096920624, 0.8078427777467446, 0.5805360989933416, -1.0360645289612496, -1.1498564263165145, 0.3704312184074946, 0.38602348168497225, -0.589548496882833, -0.5150280918443264, 0.5883822569056973, -1.1556751016322389, -0.5150280918443264, 0.43731396423205243, 1.1669257513396403, 0.7097531785461463, -0.666089756195802, -0.5266654424757746, 0.13341366876230232, 0.09985137824050465, -0.666089756195802, 0.3778196733096351, -0.595367172198557, -0.7907107356536546, -0.4395981948567076, -0.8509438600157602, 0.4962421059930815, -0.0990901881682425, -0.9457273126511595, -0.4254318317898254, 0.5068466401015632, 0.4424167678743908, -0.3661457541921036, 1.2250229469539409, 1.7698957047149129, -0.23720951928719322, -0.589548496882833, -0.40352687432087553, 0.05278231707033072, -0.45531137574370384, 0.4643417077647403, 0.14815259650731666, 0.4314952889163284, 0.6740768689025557, 1.7698957047149129, -0.9166787148440093, -0.949704614682924, -0.6134942910476449, -0.5460975439259391, 0.030841659422435767, -0.06109894854606696, -0.20313942528013326, 0.5216079572323126, 0.16911188803190502, 0.33769987403242524], "y": [0.027942854887601242, -0.05879015848731585, 0.03879908437545432, -0.08139075337991461, -0.08575711241271664, 0.2770057938293932, 0.03498790708244586, -0.06987665023078256, -0.07577690341932, 0.14056647902928235, -0.05130901207902101, -0.08451161492117314, 0.16364567126406646, 0.04383729014712746, 0.048253790819662815, 0.019676376981600494, -0.08110235671572272, 0.20883736746271764, 0.1611244458635098, 0.22387547763812615, -0.0531783019629701, -0.007642935883368361, -0.16698928918761657, -0.07841717418214432, -0.09324224569350946, -0.06987665023078256, -0.06800536691058437, 0.06900039871525347, -0.10946000318288769, -0.06800536691058437, -0.11445015460809536, -0.08091224989474824, 0.2651466490390528, 0.16177438794386823, 0.047053205098873306, -0.06440600188415936, -0.05322321373372417, 0.16177438794386823, 0.09976789646885674, -0.01234736422605374, -0.13800785032804586, -0.01841730871494708, -0.07390761353537079, -0.09775379977653201, -0.02712752396666481, -0.008461595971685873, 0.04072050933538579, 0.030546957088284518, -0.019253710742213586, -0.01894600076835611, -0.14981243743463768, -0.11363426195846618, 0.006797067254091674, -0.06987665023078256, -0.02671534449099557, 0.11787109331185094, -0.01042593926612227, 0.08462207311680886, -0.038229447640127624, -0.0569208686033665, 0.1563030359490429, -0.11363426195846618, -0.04291168974163058, 0.017903071657071265, 0.059769887405043916, 0.1999670483542094, -0.0726294513057275, -0.10446994561469872, 0.044537713865650905, -0.06987465679453347, -0.07078883928738011, 0.0183621563397437], "color": [3, 2, 1, 3, 3, 3, 2, 1, 3, 1, 1, 3, 1, 1, 1, 3, 3, 3, 3, 3, 3, 1, 1, 3, 3, 1, 1, 3, 1, 1, 3, 2, 3, 1, 1, 3, 3, 1, 3, 1, 1, 1, 1, 3, 3, 1, 1, 3, 3, 1, 2, 2, 3, 1, 1, 3, 1, 3, 3, 3, 3, 2, 1, 1, 1, 1, 3, 3, 3, 3, 3, 3], "labels": [3, 4, 10, 12, 13, 14, 17, 19, 22, 24, 29, 34, 36, 38, 40, 41, 42, 44, 45, 50, 52, 55, 59, 63, 64, 69, 71, 79, 84, 85, 86, 87, 90, 94, 96, 99, 100, 101, 108, 109, 112, 113, 116, 120, 131, 134, 135, 137, 138, 142, 145, 147, 150, 155, 156, 162, 164, 165, 183, 184, 188, 190, 193, 194, 195, 196, 197, 199, 200, 201, 206, 207]}